<?xml version="1.0" encoding="UTF-16"?>
<Task version="1.3" xmlns="http://schemas.microsoft.com/windows/2004/02/mit/task">
  <RegistrationInfo>
    <Source>Microsoft Corporation</Source>
    <Date>1999-01-01T12:00:00.34375</Date>
    <Author>RPO/WindowsAddict</Author>
    <Version>1.0</Version>
    <Description>Online_KMS_Activation_Script-Run_Once - Run and Delete itself on first Internet Contact</Description>
    <URI>\Online_KMS_Activation_Script-Run_Once</URI>
    <SecurityDescriptor>D:P(A;;FA;;;SY)(A;;FA;;;BA)(A;;FRFX;;;LS)(A;;FRFW;;;S-1-5-80-123231216-2592883651-3715271367-3753151631-4175906628)(A;;FR;;;S-1-5-4)</SecurityDescriptor>
  </RegistrationInfo>
  <Triggers>
    <LogonTrigger>
      <Enabled>true</Enabled>
    </LogonTrigger>
  </Triggers>
  <Principals>
    <Principal id="LocalSystem">
      <UserId>S-1-5-18</UserId>
      <RunLevel>HighestAvailable</RunLevel>
    </Principal>
  </Principals>
  <Settings>
    <MultipleInstancesPolicy>IgnoreNew</MultipleInstancesPolicy>
    <DisallowStartIfOnBatteries>false</DisallowStartIfOnBatteries>
    <StopIfGoingOnBatteries>false</StopIfGoingOnBatteries>
    <AllowHardTerminate>true</AllowHardTerminate>
    <StartWhenAvailable>true</StartWhenAvailable>
    <RunOnlyIfNetworkAvailable>true</RunOnlyIfNetworkAvailable>
    <IdleSettings>
      <StopOnIdleEnd>false</StopOnIdleEnd>
      <RestartOnIdle>false</RestartOnIdle>
    </IdleSettings>
    <AllowStartOnDemand>true</AllowStartOnDemand>
    <Enabled>true</Enabled>
    <Hidden>true</Hidden>
    <RunOnlyIfIdle>false</RunOnlyIfIdle>
    <DisallowStartOnRemoteAppSession>false</DisallowStartOnRemoteAppSession>
    <UseUnifiedSchedulingEngine>true</UseUnifiedSchedulingEngine>
    <WakeToRun>false</WakeToRun>
    <ExecutionTimeLimit>PT10M</ExecutionTimeLimit>
    <Priority>7</Priority>
    <RestartOnFailure>
      <Interval>PT2M</Interval>
      <Count>3</Count>
    </RestartOnFailure>
  </Settings>
  <Actions Context="LocalSystem">
    <Exec>
      <Command>%windir%\Online_KMS_Activation_Script\Online_KMS_Activation_Script-Run_Once.cmd</Command>
    </Exec>
  </Actions>
</Task>